ID,Created,Data,EntityID
fa8d6d6f-24f8-4517-ba09-f2ed7e6f2dfc,2024-07-20 13:49:45.584352+00:00,"{'ID': '7c59fc50-6aa8-4df4-abaa-9b5a35e4d29c', 'CounterpartyName': 'Jaguar', 'CEO': 'Nick Cassidy', 'Strategy': 'Mitch Evans', 'PlatformLead': 'Someone else', 'DealLead': 'Another person', 'FinanceLead': 'Who is this', 'Created': datetime.datetime(2024, 7, 20, 13, 49, 45, 540336, tzinfo=datetime.timezone.utc), 'LastModified': datetime.datetime(2024, 7, 20, 13, 49, 45, 540377, tzinfo=datetime.timezone.utc)}",7c59fc50-6aa8-4df4-abaa-9b5a35e4d29c
6f3154df-05df-44ed-878e-08ffdd1491ca,2024-07-20 14:00:09.081415+00:00,"{'ID': '128f1c8d-5de9-4219-aa7c-8ec9efe6a4ad', 'CounterpartyID': '7c59fc50-6aa8-4df4-abaa-9b5a35e4d29c', 'ProjectName': 'London Formula E race 2024', 'Long': 50.0, 'Lat': 0.01, 'Technology': 'Solar', 'SolarCapacity': 15.0, 'WindCapacity': 0.0, 'BESSCapacity': 0.0, 'ProjectStatus': 'Construction', 'RTBDate': datetime.datetime(2024, 7, 20, 0, 0), 'RAGStatus': 'Red', 'RAGComment': '', 'Created': datetime.datetime(2024, 7, 20, 13, 58, 36, 161652, tzinfo=datetime.timezone.utc), 'LastModified': datetime.datetime(2024, 7, 20, 13, 58, 36, 161660, tzinfo=datetime.timezone.utc)}",128f1c8d-5de9-4219-aa7c-8ec9efe6a4ad
e817214d-a8eb-46a8-a713-66270dab5b5b,2024-07-20 14:22:54.575963+00:00,"{'ID': 'cc075c5d-4324-43e6-9aaf-565c34a0a874', 'CounterpartyName': 'test counterpartyname', 'CEO': 'Me', 'Strategy': 'You', 'PlatformLead': 'Us', 'DealLead': 'Are meant', 'FinanceLead': 'to be', 'Created': datetime.datetime(2024, 7, 20, 14, 22, 38, 760267, tzinfo=datetime.timezone.utc), 'LastModified': datetime.datetime(2024, 7, 20, 14, 22, 38, 760507, tzinfo=datetime.timezone.utc)}",cc075c5d-4324-43e6-9aaf-565c34a0a874
29254936-ec3c-4ff9-a12a-501c074add3f,2024-07-20 23:58:04.068078+00:00,"{'ID': '64010c0f-b806-4a05-9433-3d6dbec81400', 'CounterpartyID': 'bb511707-1bea-4011-baf8-1d8cc38bd473', 'ProjectName': 'Amazing pipeline', 'Long': 50.0, 'Lat': 0.01, 'Technology': 'Wind', 'SolarCapacity': 0.0, 'WindCapacity': 200.0, 'BESSCapacity': 0.0, 'ProjectStatus': 'Commissioning', 'RTBDate': datetime.datetime(2026, 7, 21, 0, 0), 'RAGStatus': 'Green', 'RAGComment': '', 'Created': datetime.datetime(2024, 7, 20, 23, 57, 23, 574883, tzinfo=datetime.timezone.utc), 'LastModified': datetime.datetime(2024, 7, 20, 23, 57, 23, 574890, tzinfo=datetime.timezone.utc)}",64010c0f-b806-4a05-9433-3d6dbec81400
6087441c-e730-4464-96e9-24be079f554d,2024-07-22 09:44:10.878843+00:00,"{'ID': 'ab6dbd90-47ed-4e1f-b783-c19eb39b2be4', 'Title': 'New information point', 'Description': 'This is a long description for the information point', 'Market': 'Europe', 'Technology': 'Solar', 'Counterparties': ""['Yellow Sun Enterprises', 'Aqua Marine Solutions', 'New firm']"", 'Impact': 33, 'Likelihood': 81, 'Created': datetime.datetime(2024, 7, 22, 9, 44, 10, 827536, tzinfo=datetime.timezone.utc), 'LastModified': datetime.datetime(2024, 7, 22, 9, 44, 10, 827540, tzinfo=datetime.timezone.utc)}",ab6dbd90-47ed-4e1f-b783-c19eb39b2be4
ade57ac3-961d-477d-a55b-7f5fb556c0d4,2024-07-22 10:21:00.069034+00:00,"{'ID': 'f22ae8e0-b1d1-48eb-a345-a801893cd6e6', 'Title': 'Europe assessment 2024', 'Description': 'Long description', 'Market': 'www', 'Technology': 'Solar', 'Counterparties': ""['Purple Wave Inc.', 'Golden Gate Tech']"", 'Impact': 20, 'Likelihood': 57, 'Rating': 1140, 'Created': datetime.datetime(2024, 7, 22, 10, 21, 0, 24217, tzinfo=datetime.timezone.utc), 'LastModified': datetime.datetime(2024, 7, 22, 10, 21, 0, 24221, tzinfo=datetime.timezone.utc)}",f22ae8e0-b1d1-48eb-a345-a801893cd6e6
44dbaadd-ff62-40e2-9038-1ff49d8b7cf2,2024-07-22 11:56:45.801161+00:00,"{'ID': '02c657b3-024c-4d11-b145-79136f22ce5f', 'CounterpartyID': 'b4e6573c-6b49-4672-8bc1-0fc88c31d952', 'ProjectName': ""Naomi's project"", 'Long': 50.0, 'Lat': 0.02, 'Technology': 'BESS', 'SolarCapacity': 0.0, 'WindCapacity': 0.0, 'BESSCapacity': 15.0, 'ProjectStatus': 'Discovery', 'RTBDate': datetime.datetime(2025, 7, 31, 0, 0), 'RAGStatus': 'Green', 'RAGComment': '', 'Created': datetime.datetime(2024, 7, 22, 11, 56, 15, 423354, tzinfo=datetime.timezone.utc), 'LastModified': datetime.datetime(2024, 7, 22, 11, 56, 15, 423361, tzinfo=datetime.timezone.utc)}",02c657b3-024c-4d11-b145-79136f22ce5f
ad20bab9-5d53-4f9f-afcb-4bafaf9a0b65,2024-07-22 12:19:05.723775+00:00,"{'ID': '7655f9f9-7a4d-472b-a1d3-d4fb5d46ffed', 'CounterpartyID': '67cfd292-a7d8-47b5-a8eb-f345f7bd4337', 'ProjectName': 'Test name', 'Long': 50.0, 'Lat': 0.002, 'Technology': 'Wind', 'SolarCapacity': 0.0, 'WindCapacity': 14.0, 'BESSCapacity': 0.0, 'ProjectStatus': 'Design', 'RTBDate': datetime.datetime(2024, 7, 22, 0, 0), 'RAGStatus': 'Red', 'RAGComment': '', 'Created': datetime.datetime(2024, 7, 22, 12, 19, 5, 673094, tzinfo=datetime.timezone.utc), 'LastModified': datetime.datetime(2024, 7, 22, 12, 19, 5, 673101, tzinfo=datetime.timezone.utc)}",7655f9f9-7a4d-472b-a1d3-d4fb5d46ffed
2ddd2518-bd52-4316-a68c-7f109661aa5c,2024-07-22 12:37:43.774510+00:00,"{'ID': '034b72ba-24c4-4e5c-b79c-71dbab28be07', 'CounterpartyID': 'b4e6573c-6b49-4672-8bc1-0fc88c31d952', 'ProjectName': 'BESS energy test', 'Long': 50.0, 'Lat': 0.002, 'Technology': 'BESS', 'SolarCapacity': 0.0, 'WindCapacity': 0.0, 'BESSCapacity': 100.0, 'ProjectStatus': 'Design', 'RTBDate': datetime.datetime(2026, 7, 31, 0, 0), 'RAGStatus': 'Green', 'RAGComment': '', 'Created': datetime.datetime(2024, 7, 22, 12, 31, 49, 730259, tzinfo=datetime.timezone.utc), 'LastModified': datetime.datetime(2024, 7, 22, 12, 31, 49, 730267, tzinfo=datetime.timezone.utc)}",034b72ba-24c4-4e5c-b79c-71dbab28be07
f1eea8b1-f38a-44ae-b0d7-40ec3cb35f38,2024-07-22 12:38:54.995413+00:00,"{'ID': '7691cbad-da2d-4ecb-af21-69281021ba98', 'CounterpartyID': '67cfd292-a7d8-47b5-a8eb-f345f7bd4337', 'ProjectName': 'test', 'Long': 50.0, 'Lat': 0.01, 'Technology': 'BESS', 'SolarCapacity': 0.0, 'WindCapacity': 0.0, 'BESSCapacity': 13.0, 'ProjectStatus': 'Design', 'RTBDate': datetime.datetime(2023, 7, 22, 0, 0), 'RAGStatus': 'Green', 'RAGComment': '', 'Created': datetime.datetime(2024, 7, 22, 12, 38, 37, 450900, tzinfo=datetime.timezone.utc), 'LastModified': datetime.datetime(2024, 7, 22, 12, 38, 37, 450908, tzinfo=datetime.timezone.utc)}",7691cbad-da2d-4ecb-af21-69281021ba98
4febed16-8ec6-434d-b70a-4c2a6f312458,2024-07-22 12:40:20.337245+00:00,"{'ID': '7691cbad-da2d-4ecb-af21-69281021ba98', 'CounterpartyID': 'bb511707-1bea-4011-baf8-1d8cc38bd473', 'ProjectName': 'blue', 'Long': 50.001, 'Lat': 0.001, 'Technology': 'Solar', 'SolarCapacity': 0.0, 'WindCapacity': 0.0, 'BESSCapacity': 0.0, 'ProjectStatus': 'Design', 'RTBDate': datetime.datetime(2024, 12, 31, 0, 0), 'RAGStatus': 'Red', 'RAGComment': '', 'Created': datetime.datetime(2024, 7, 22, 12, 38, 37, 450900, tzinfo=datetime.timezone.utc), 'LastModified': datetime.datetime(2024, 7, 22, 12, 38, 37, 450908, tzinfo=datetime.timezone.utc)}",7691cbad-da2d-4ecb-af21-69281021ba98
16828b56-4a48-4cd4-914b-a17bb098a5f0,2024-07-22 12:41:14.065937+00:00,"{'ID': 'a5e6f3e9-42ed-4cd4-b62a-03f8fe9806bd', 'CounterpartyID': 'bb511707-1bea-4011-baf8-1d8cc38bd473', 'ProjectName': 'blue', 'Long': 50.001, 'Lat': 0.001, 'Technology': 'Solar', 'SolarCapacity': 0.0, 'WindCapacity': 0.0, 'BESSCapacity': 0.0, 'ProjectStatus': 'Design', 'RTBDate': datetime.datetime(2024, 7, 22, 0, 0), 'RAGStatus': 'Red', 'RAGComment': '', 'Created': datetime.datetime(2024, 7, 22, 12, 41, 14, 39509, tzinfo=datetime.timezone.utc), 'LastModified': datetime.datetime(2024, 7, 22, 12, 41, 14, 39514, tzinfo=datetime.timezone.utc)}",a5e6f3e9-42ed-4cd4-b62a-03f8fe9806bd
814bc6eb-6321-434b-bf29-d44a906102b6,2024-07-22 12:41:26.084207+00:00,"{'ID': 'a5e6f3e9-42ed-4cd4-b62a-03f8fe9806bd', 'CounterpartyID': 'bb511707-1bea-4011-baf8-1d8cc38bd473', 'ProjectName': 'blue', 'Long': 50.001, 'Lat': 0.001, 'Technology': 'Solar', 'SolarCapacity': 0.0, 'WindCapacity': 0.0, 'BESSCapacity': 0.0, 'ProjectStatus': 'Design', 'RTBDate': datetime.datetime(2024, 7, 23, 0, 0), 'RAGStatus': 'Red', 'RAGComment': '', 'Created': datetime.datetime(2024, 7, 22, 12, 41, 14, 39509, tzinfo=datetime.timezone.utc), 'LastModified': datetime.datetime(2024, 7, 22, 12, 41, 14, 39514, tzinfo=datetime.timezone.utc)}",a5e6f3e9-42ed-4cd4-b62a-03f8fe9806bd
bbdfbbb7-efaf-43ff-a097-4543b94d966f,2024-07-22 14:08:23.664343+00:00,"{'ID': '523b84ac-65b1-4176-ad7f-4829b9ff63e1', 'CounterpartyID': '67cfd292-a7d8-47b5-a8eb-f345f7bd4337', 'ProjectName': 'test project name', 'Long': 50.0, 'Lat': 0.01, 'Technology': 'Solar', 'SolarCapacity': 15.0, 'WindCapacity': 0.0, 'BESSCapacity': 0.0, 'ProjectStatus': 'Design', 'RTBDate': datetime.datetime(2024, 7, 22, 0, 0), 'RAGStatus': 'Amber', 'RAGComment': 'wdadw', 'Created': datetime.datetime(2024, 7, 22, 14, 7, 57, 461459, tzinfo=datetime.timezone.utc), 'LastModified': datetime.datetime(2024, 7, 22, 14, 7, 57, 461464, tzinfo=datetime.timezone.utc)}",523b84ac-65b1-4176-ad7f-4829b9ff63e1
8897e220-b6e3-46bd-b955-4134748124e6,2024-07-22 14:17:29.139313+00:00,"{'ID': '0c3055cc-1463-4394-bf8d-4015d95c81ab', 'CounterpartyID': '67cfd292-a7d8-47b5-a8eb-f345f7bd4337', 'ProjectName': 'eateta', 'Long': 50.0, 'Lat': 50.0, 'Technology': 'Solar', 'SolarCapacity': 1.0, 'WindCapacity': 0.0, 'BESSCapacity': 0.0, 'ProjectStatus': 'On hold', 'RTBDate': datetime.datetime(2024, 7, 22, 0, 0), 'RAGStatus': 'Amber', 'RAGComment': '', 'Created': datetime.datetime(2024, 7, 22, 14, 9, 46, 940828, tzinfo=datetime.timezone.utc), 'LastModified': datetime.datetime(2024, 7, 22, 14, 9, 46, 940874, tzinfo=datetime.timezone.utc)}",0c3055cc-1463-4394-bf8d-4015d95c81ab
7ffa929b-52ee-4fb9-a617-cf7c03387b0b,2024-07-22 15:25:07.508357+00:00,"{'ID': '3771143c-b7a7-4597-906b-ec63bed8b162', 'CounterpartyID': '385cf12a-c9ed-4f20-a03e-c0f8d01a8cd5', 'ProjectName': 'London initiative for green energy', 'Long': 0.12, 'Lat': 51.51, 'Technology': 'Solar', 'SolarCapacity': 65.0, 'WindCapacity': 0.0, 'BESSCapacity': 0.0, 'ProjectStatus': 'Design', 'RTBDate': datetime.datetime(2026, 12, 31, 0, 0), 'RAGStatus': 'Green', 'RAGComment': '', 'Created': datetime.datetime(2024, 7, 22, 15, 24, 10, 358631, tzinfo=datetime.timezone.utc), 'LastModified': datetime.datetime(2024, 7, 22, 15, 24, 10, 358635, tzinfo=datetime.timezone.utc)}",3771143c-b7a7-4597-906b-ec63bed8b162
b69d94c4-6c4b-41ab-a1bf-550bee07fdfd,2024-07-22 15:26:23.018540+00:00,"{'ID': '3771143c-b7a7-4597-906b-ec63bed8b162', 'CounterpartyID': '34f50785-96b8-48af-a976-58e98b806a0c', 'ProjectName': 'London initiative for green energy', 'Long': 0.12, 'Lat': 51.51, 'Technology': 'Solar', 'SolarCapacity': 80.0, 'WindCapacity': 0.0, 'BESSCapacity': 0.0, 'ProjectStatus': 'Discovery', 'RTBDate': datetime.datetime(2027, 12, 31, 0, 0), 'RAGStatus': 'Green', 'RAGComment': '', 'Created': datetime.datetime(2024, 7, 22, 15, 24, 10, 358631, tzinfo=datetime.timezone.utc), 'LastModified': datetime.datetime(2024, 7, 22, 15, 24, 10, 358635, tzinfo=datetime.timezone.utc)}",3771143c-b7a7-4597-906b-ec63bed8b162
5953b92d-166c-4d8f-b83a-1d50b2476306,2024-07-22 15:27:12.828971+00:00,"{'ID': '3771143c-b7a7-4597-906b-ec63bed8b162', 'CounterpartyID': '1b5add9a-3006-4901-91db-fe26ab52d014', 'ProjectName': 'London initiative for green energy', 'Long': 0.12, 'Lat': 51.51, 'Technology': 'Solar', 'SolarCapacity': 80.0, 'WindCapacity': 0.0, 'BESSCapacity': 0.0, 'ProjectStatus': 'Design', 'RTBDate': datetime.datetime(2030, 7, 31, 0, 0), 'RAGStatus': 'Green', 'RAGComment': '', 'Created': datetime.datetime(2024, 7, 22, 15, 24, 10, 358631, tzinfo=datetime.timezone.utc), 'LastModified': datetime.datetime(2024, 7, 22, 15, 24, 10, 358635, tzinfo=datetime.timezone.utc)}",3771143c-b7a7-4597-906b-ec63bed8b162
0da901e6-a286-481d-a5c2-1b85d02d56dc,2024-07-22 18:46:16.816948+00:00,"{'ID': 'c95cb1c5-44a8-40fe-8552-831967447b53', 'CounterpartyName': 'Global finance', 'CEO': 'Bob hope', 'Strategy': 'test', 'PlatformLead': 'test', 'DealLead': 'test', 'FinanceLead': 'test', 'Created': datetime.datetime(2024, 7, 22, 18, 45, 58, 679624, tzinfo=datetime.timezone.utc), 'LastModified': datetime.datetime(2024, 7, 22, 18, 45, 58, 679639, tzinfo=datetime.timezone.utc)}",c95cb1c5-44a8-40fe-8552-831967447b53
07daac55-e0ff-4afc-86a4-d9839a090291,2024-07-22 18:50:44.462924+00:00,"{'ID': '59c50cd0-4cfc-445f-892e-d7f2d43a271d', 'Title': 'Test', 'Description': 'Test', 'Market': 'tetsetsetse', 'Technology': 'Solar', 'Counterparties': ""['Red Rock Industries', 'Golden Gate Tech', 'Aqua Marine Solutions']"", 'Impact': 39, 'Likelihood': 56, 'Rating': 2184, 'Created': datetime.datetime(2024, 7, 22, 18, 49, 32, 550814, tzinfo=datetime.timezone.utc), 'LastModified': datetime.datetime(2024, 7, 22, 18, 49, 32, 550821, tzinfo=datetime.timezone.utc)}",59c50cd0-4cfc-445f-892e-d7f2d43a271d
ffa88eb9-f303-4b69-8636-2f27ea78091b,2024-07-22 21:24:20.214837+00:00,"{'ID': '8f6ac977-7e8a-4937-ad33-e9aa6d887a11', 'CounterpartyID': 'b4e6573c-6b49-4672-8bc1-0fc88c31d952', 'ProjectName': 'Test pipeline', 'Long': 0.01, 'Lat': 51.51, 'Technology': 'Wind', 'Capacity': 34.0, 'ProjectStatus': 'On hold', 'RTBDate': datetime.datetime(2024, 7, 22, 0, 0), 'RAGStatus': 'Green', 'RAGComment': '', 'Created': datetime.datetime(2024, 7, 22, 21, 23, 55, 50018, tzinfo=datetime.timezone.utc), 'LastModified': datetime.datetime(2024, 7, 22, 21, 23, 55, 50022, tzinfo=datetime.timezone.utc)}",8f6ac977-7e8a-4937-ad33-e9aa6d887a11
e9c8d026-4852-4060-ad0a-5a79d9ffb9f6,2024-07-22 21:25:26.901279+00:00,"{'ID': 'e934a7a1-6f4e-40ec-a1f1-b8a0cb27680e', 'CounterpartyID': 'bb511707-1bea-4011-baf8-1d8cc38bd473', 'ProjectName': 'Test pipeline', 'Long': 0.12, 'Lat': 51.51, 'Technology': 'Solar', 'Capacity': 24.0, 'ProjectStatus': 'Design', 'RTBDate': datetime.datetime(2024, 7, 22, 0, 0), 'RAGStatus': 'Red', 'RAGComment': '', 'Created': datetime.datetime(2024, 7, 22, 21, 25, 6, 305545, tzinfo=datetime.timezone.utc), 'LastModified': datetime.datetime(2024, 7, 22, 21, 25, 6, 305549, tzinfo=datetime.timezone.utc)}",e934a7a1-6f4e-40ec-a1f1-b8a0cb27680e
489dc9b2-d8ea-413a-8ae0-ce59409ee2f2,2024-07-22 21:26:52.318164+00:00,"{'ID': '4f61019a-b969-4f3a-9c3e-7549d2a8b005', 'CounterpartyID': 'bb511707-1bea-4011-baf8-1d8cc38bd473', 'ProjectName': 'Test pipeline', 'Long': 0.12, 'Lat': 51.51, 'Technology': 'Solar', 'Capacity': 24.0, 'ProjectStatus': 'Design', 'RTBDate': datetime.datetime(2024, 7, 22, 0, 0), 'RAGStatus': 'Red', 'RAGComment': '', 'Created': datetime.datetime(2024, 7, 22, 21, 26, 52, 275229, tzinfo=datetime.timezone.utc), 'LastModified': datetime.datetime(2024, 7, 22, 21, 26, 52, 275235, tzinfo=datetime.timezone.utc)}",4f61019a-b969-4f3a-9c3e-7549d2a8b005
bad052ed-5871-4e3c-a2eb-7cbf095d973f,2024-07-22 21:27:06.894069+00:00,"{'ID': '1c17e195-43cf-4229-aa20-bfbef51d6292', 'CounterpartyID': 'bb511707-1bea-4011-baf8-1d8cc38bd473', 'ProjectName': 'Test pipeline', 'Long': 0.12, 'Lat': 51.51, 'Technology': 'Solar', 'Capacity': 24.0, 'ProjectStatus': 'Design', 'RTBDate': datetime.datetime(2024, 7, 22, 0, 0), 'RAGStatus': 'Red', 'RAGComment': '', 'Created': datetime.datetime(2024, 7, 22, 21, 27, 6, 857108, tzinfo=datetime.timezone.utc), 'LastModified': datetime.datetime(2024, 7, 22, 21, 27, 6, 857112, tzinfo=datetime.timezone.utc)}",1c17e195-43cf-4229-aa20-bfbef51d6292
